{"version": {"json_export": "187", "page_segmentation": "5", "schema": "1.1.0", "structure": "1.1036.0", "table_structure": "5"}, "extended_metadata": {"ID_instance": "DD 61 88 DE 40 B7 B2 11 0A 00 67 45 8B 6B C6 23 ", "ID_permanent": "35 30 20 43 44 20 38 34 20 44 45 20 34 30 20 42 37 20 42 32 20 31 31 20 30 41 20 30 30 20 36 37 20 34 35 20 38 42 20 36 42 20 43 36 20 32 33 20 ", "pdf_version": "1.6", "pdfa_compliance_level": "", "is_encrypted": false, "has_acroform": false, "is_digitally_signed": false, "pdfua_compliance_level": "", "page_count": 2, "has_embedded_files": false, "is_certified": false, "is_XFA": false, "language": "en-US"}, "elements": [{"Bounds": [76.72799682617188, 734.4232025146484, 171.43968200683594, 743.8782348632812], "ClipBounds": [76.72799682617188, 734.4232025146484, 171.43968200683594, 743.8782348632812], "Font": {"alt_family_name": "Arial", "embedded": true, "encoding": "WinAnsiEncoding", "family_name": "Arial", "font_type": "TrueType", "italic": false, "monospaced": false, "name": "CKEETE+Arial-BoldMT", "subset": true, "weight": 700}, "HasClip": true, "Page": 0, "Path": "//Document/Sect/P/Sub", "Text": "NearBy Electronics ", "TextSize": 10.080001831054688, "attributes": {"Placement": "Block"}}, {"Bounds": [76.72799682617188, 721.1031951904297, 214.52447509765625, 730.5582427978516], "ClipBounds": [76.72799682617188, 721.1031951904297, 214.52447509765625, 730.5582427978516], "Font": {"alt_family_name": "Arial", "embedded": true, "encoding": "WinAnsiEncoding", "family_name": "Arial MT", "font_type": "TrueType", "italic": false, "monospaced": false, "name": "MHCHDK+ArialMT", "subset": true, "weight": 400}, "HasClip": true, "Page": 0, "Path": "//Document/Sect/P/Sub[2]", "Text": "3741 Glory Road, Jamestown, ", "TextSize": 10.080001831054688, "attributes": {"Placement": "Block"}}, {"Bounds": [76.72799682617188, 708.1132049560547, 155.30166625976562, 717.5682373046875], "ClipBounds": [76.72799682617188, 708.1132049560547, 155.30166625976562, 717.5682373046875], "Font": {"alt_family_name": "Arial", "embedded": true, "encoding": "WinAnsiEncoding", "family_name": "Arial MT", "font_type": "TrueType", "italic": false, "monospaced": false, "name": "MHCHDK+ArialMT", "subset": true, "weight": 400}, "HasClip": true, "Page": 0, "Path": "//Document/Sect/P/Sub[3]", "Text": "Tennessee, USA ", "TextSize": 10.080001831054688, "attributes": {"Placement": "Block"}}, {"Bounds": [76.72799682617188, 694.7931976318359, 107.43167114257812, 704.2482452392578], "ClipBounds": [76.72799682617188, 694.7931976318359, 107.43167114257812, 704.2482452392578], "Font": {"alt_family_name": "Arial", "embedded": true, "encoding": "WinAnsiEncoding", "family_name": "Arial MT", "font_type": "TrueType", "italic": false, "monospaced": false, "name": "MHCHDK+ArialMT", "subset": true, "weight": 400}, "HasClip": true, "Page": 0, "Path": "//Document/Sect/P/Sub[4]", "Text": "38556 ", "TextSize": 10.080001831054688, "attributes": {"Placement": "Block"}}, {"Bounds": [337.1499938964844, 694.7931976318359, 543.3080749511719, 730.5582427978516], "ClipBounds": [337.1499938964844, 694.7931976318359, 543.3080749511719, 730.5582427978516], "Font": {"alt_family_name": "Arial", "embedded": true, "encoding": "WinAnsiEncoding", "family_name": "Arial MT", "font_type": "TrueType", "italic": false, "monospaced": false, "name": "MHCHDK+ArialMT", "subset": true, "weight": 400}, "HasClip": true, "Lang": "en", "Page": 0, "Path": "//Document/Sect/P[2]", "Text": "Invoice# MA96717498474793251525053290 Issue date 12-05-2023 ", "TextSize": 10.080001831054688, "attributes": {"LineHeight": 13.125, "TextAlign": "End"}}, {"Bounds": [76.72799682617188, 649.9085540771484, 295.7052459716797, 673.2309875488281], "ClipBounds": [76.72799682617188, 649.9085540771484, 295.7052459716797, 673.2309875488281], "Font": {"alt_family_name": "Arial", "embedded": true, "encoding": "WinAnsiEncoding", "family_name": "Arial MT", "font_type": "TrueType", "italic": false, "monospaced": false, "name": "MHCHDK+ArialMT", "subset": true, "weight": 400}, "HasClip": true, "Lang": "en", "Page": 0, "Path": "//Document/Sect/Title", "Text": "NearBy Electronics ", "TextSize": 24.863998413085938, "attributes": {"LineHeight": 29.875, "SpaceAfter": 7}}, {"Bounds": [76.72799682617188, 633.9331970214844, 460.8868713378906, 643.3882446289062], "ClipBounds": [76.72799682617188, 633.9331970214844, 460.8868713378906, 643.3882446289062], "Font": {"alt_family_name": "Arial", "embedded": true, "encoding": "WinAnsiEncoding", "family_name": "Arial MT", "font_type": "TrueType", "italic": false, "monospaced": false, "name": "MHCHDK+ArialMT", "subset": true, "weight": 400}, "HasClip": true, "Lang": "en", "Page": 0, "Path": "//Document/Sect/P[3]", "Text": "We are here to serve you better. Reach out to us in case of any concern or feedbacks. ", "TextSize": 10.080001831054688, "attributes": {"SpaceAfter": 18}}, {"Bounds": [81.04800415039062, 501.7431945800781, 513.0480804443359, 590.438232421875], "ClipBounds": [81.04800415039062, 501.7431945800781, 513.0480804443359, 590.438232421875], "Page": 0, "Path": "//Document/Sect/Table", "attributes": {"BBox": [80.99669999999969, 503.89199999999255, 558.2169999999751, 588.9679999999935], "NumCol": 3, "NumRow": 5, "Placement": "Block", "SpaceAfter": 18}, "filePaths": ["tables/fileoutpart0.xlsx"]}, {"Bounds": [81.04800415039062, 580.9832000732422, 122.99087524414062, 590.438232421875], "ClipBounds": [81.04800415039062, 580.9832000732422, 122.99087524414062, 590.438232421875], "Page": 0, "Path": "//Document/Sect/Table/TR/TH", "attributes": {"BBox": [80.99669999999969, 580.3289999999979, 220.31099999999424, 588.9679999999935], "BlockAlign": "Before", "ColIndex": 0, "Height": 8.625, "InlineAlign": "Start", "RowIndex": 0, "Width": 139.375}}, {"Bounds": [81.04800415039062, 580.9832000732422, 122.99087524414062, 590.438232421875], "ClipBounds": [81.04800415039062, 580.9832000732422, 122.99087524414062, 590.438232421875], "Font": {"alt_family_name": "Arial", "embedded": true, "encoding": "WinAnsiEncoding", "family_name": "Arial", "font_type": "TrueType", "italic": false, "monospaced": false, "name": "CKEETE+Arial-BoldMT", "subset": true, "weight": 700}, "HasClip": true, "Lang": "en", "Page": 0, "Path": "//Document/Sect/Table/TR/TH/P", "Text": "BILL TO ", "TextSize": 10.080001831054688, "attributes": {"LineHeight": 12.125}}, {"Bounds": [240.25999450683594, 580.9832000732422, 286.1240692138672, 590.438232421875], "ClipBounds": [240.25999450683594, 580.9832000732422, 286.1240692138672, 590.438232421875], "Page": 0, "Path": "//Document/Sect/Table/TR/TH[2]", "attributes": {"BBox": [220.31099999999424, 580.3289999999979, 403.903999999995, 588.9679999999935], "BlockAlign": "Before", "ColIndex": 1, "Height": 8.625, "InlineAlign": "Start", "RowIndex": 0, "Width": 183.625}}, {"Bounds": [240.25999450683594, 580.9832000732422, 286.1240692138672, 590.438232421875], "ClipBounds": [240.25999450683594, 580.9832000732422, 286.1240692138672, 590.438232421875], "Font": {"alt_family_name": "Arial", "embedded": true, "encoding": "WinAnsiEncoding", "family_name": "Arial", "font_type": "TrueType", "italic": false, "monospaced": false, "name": "CKEETE+Arial-BoldMT", "subset": true, "weight": 700}, "HasClip": true, "Lang": "en", "Page": 0, "Path": "//Document/Sect/Table/TR/TH[2]/P", "Text": "DETAILS ", "TextSize": 10.080001831054688, "attributes": {"LineHeight": 12.125}}, {"Bounds": [412.8000030517578, 580.9832000732422, 464.58103942871094, 590.438232421875], "ClipBounds": [412.8000030517578, 580.9832000732422, 464.58103942871094, 590.438232421875], "Page": 0, "Path": "//Document/Sect/Table/TR/TH[3]", "attributes": {"BBox": [403.903999999995, 580.3289999999979, 558.2169999999751, 588.9679999999935], "BlockAlign": "Before", "ColIndex": 2, "Height": 8.625, "InlineAlign": "Start", "RowIndex": 0, "Width": 154.375}}, {"Bounds": [412.8000030517578, 580.9832000732422, 464.58103942871094, 590.438232421875], "ClipBounds": [412.8000030517578, 580.9832000732422, 464.58103942871094, 590.438232421875], "Font": {"alt_family_name": "Arial", "embedded": true, "encoding": "WinAnsiEncoding", "family_name": "Arial", "font_type": "TrueType", "italic": false, "monospaced": false, "name": "CKEETE+Arial-BoldMT", "subset": true, "weight": 700}, "HasClip": true, "Lang": "en", "Page": 0, "Path": "//Document/Sect/Table/TR/TH[3]/P", "Text": "PAYMENT ", "TextSize": 10.080001831054688, "attributes": {"LineHeight": 12.125}}, {"Bounds": [81.04800415039062, 567.6631927490234, 143.38272094726562, 577.1182403564453], "ClipBounds": [81.04800415039062, 567.6631927490234, 143.38272094726562, 577.1182403564453], "Page": 0, "Path": "//Document/Sect/Table/TR[2]/TD", "attributes": {"BBox": [80.99669999999969, 565.2089999999735, 220.31099999999424, 580.3289999999979], "BlockAlign": "Middle", "ColIndex": 0, "Height": 15.125, "InlineAlign": "Start", "RowIndex": 1, "Width": 139.375}}, {"Bounds": [81.04800415039062, 567.6631927490234, 143.38272094726562, 577.1182403564453], "ClipBounds": [81.04800415039062, 567.6631927490234, 143.38272094726562, 577.1182403564453], "Font": {"alt_family_name": "Arial", "embedded": true, "encoding": "WinAnsiEncoding", "family_name": "Arial MT", "font_type": "TrueType", "italic": false, "monospaced": false, "name": "MHCHDK+ArialMT", "subset": true, "weight": 400}, "HasClip": true, "Lang": "en", "Page": 0, "Path": "//Document/Sect/Table/TR[2]/TD/P", "Text": "Willis Koelpin ", "TextSize": 10.080001831054688, "attributes": {"LineHeight": 12.125}}, {"Bounds": [240.25999450683594, 567.6631927490234, 364.86895751953125, 577.1182403564453], "ClipBounds": [240.25999450683594, 567.6631927490234, 364.86895751953125, 577.1182403564453], "Page": 0, "Path": "//Document/Sect/Table/TR[2]/TD[2]", "attributes": {"BBox": [220.31099999999424, 565.2089999999735, 403.903999999995, 580.3289999999979], "BlockAlign": "Middle", "ColIndex": 1, "Height": 15.125, "InlineAlign": "Start", "RowIndex": 1, "Width": 183.625}}, {"Bounds": [240.25999450683594, 567.6631927490234, 364.86895751953125, 577.1182403564453], "ClipBounds": [240.25999450683594, 567.6631927490234, 364.86895751953125, 577.1182403564453], "Font": {"alt_family_name": "Arial", "embedded": true, "encoding": "WinAnsiEncoding", "family_name": "Arial MT", "font_type": "TrueType", "italic": false, "monospaced": false, "name": "MHCHDK+ArialMT", "subset": true, "weight": 400}, "HasClip": true, "Lang": "en", "Page": 0, "Path": "//Document/Sect/Table/TR[2]/TD[2]/P", "Text": "irure sunt ullamco occaecat ", "TextSize": 10.080001831054688, "attributes": {"LineHeight": 12.125}}, {"Bounds": [412.8000030517578, 567.6631927490234, 513.0480804443359, 577.1182403564453], "ClipBounds": [412.8000030517578, 567.6631927490234, 513.0480804443359, 577.1182403564453], "Page": 0, "Path": "//Document/Sect/Table/TR[2]/TD[3]", "attributes": {"BBox": [403.903999999995, 565.2089999999735, 558.2169999999751, 580.3289999999979], "BlockAlign": "Middle", "ColIndex": 2, "Height": 15.125, "InlineAlign": "Start", "RowIndex": 1, "Width": 154.375}}, {"Bounds": [412.8000030517578, 567.6631927490234, 513.0480804443359, 577.1182403564453], "ClipBounds": [412.8000030517578, 567.6631927490234, 513.0480804443359, 577.1182403564453], "Font": {"alt_family_name": "Arial", "embedded": true, "encoding": "WinAnsiEncoding", "family_name": "Arial MT", "font_type": "TrueType", "italic": false, "monospaced": false, "name": "MHCHDK+ArialMT", "subset": true, "weight": 400}, "HasClip": true, "Lang": "en", "Page": 0, "Path": "//Document/Sect/Table/TR[2]/TD[3]/P", "Text": "Due date: 22-06-2023 ", "TextSize": 10.080001831054688, "attributes": {"LineHeight": 12.125}}, {"Bounds": [81.04800415039062, 554.6831970214844, 202.37088012695312, 564.1382446289062], "ClipBounds": [81.04800415039062, 554.6831970214844, 202.37088012695312, 564.1382446289062], "Page": 0, "Path": "//Document/Sect/Table/TR[3]/TD", "attributes": {"BBox": [80.99669999999969, 552.9699999999721, 220.31099999999424, 565.2089999999735], "BlockAlign": "Middle", "ColIndex": 0, "Height": 12.25, "InlineAlign": "Start", "RowIndex": 2, "Width": 139.375}}, {"Bounds": [81.04800415039062, 554.6831970214844, 202.37088012695312, 564.1382446289062], "ClipBounds": [81.04800415039062, 554.6831970214844, 202.37088012695312, 564.1382446289062], "Font": {"alt_family_name": "Arial", "embedded": true, "encoding": "WinAnsiEncoding", "family_name": "Arial MT", "font_type": "TrueType", "italic": false, "monospaced": false, "name": "MHCHDK+ArialMT", "subset": true, "weight": 400}, "HasClip": true, "Lang": "en", "Page": 0, "Path": "//Document/Sect/Table/TR[3]/TD/P", "Text": "Willis_Koelpin4@yahoo.co ", "TextSize": 10.080001831054688, "attributes": {"LineHeight": 12.125}}, {"Bounds": [240.25999450683594, 554.6831970214844, 353.7305603027344, 564.1382446289062], "ClipBounds": [240.25999450683594, 554.6831970214844, 353.7305603027344, 564.1382446289062], "Page": 0, "Path": "//Document/Sect/Table/TR[3]/TD[2]", "attributes": {"BBox": [220.31099999999424, 552.9699999999721, 403.903999999995, 565.2089999999735], "BlockAlign": "Middle", "ColIndex": 1, "Height": 12.25, "InlineAlign": "Start", "RowIndex": 2, "Width": 183.625}}, {"Bounds": [240.25999450683594, 554.6831970214844, 353.7305603027344, 564.1382446289062], "ClipBounds": [240.25999450683594, 554.6831970214844, 353.7305603027344, 564.1382446289062], "Font": {"alt_family_name": "Arial", "embedded": true, "encoding": "WinAnsiEncoding", "family_name": "Arial MT", "font_type": "TrueType", "italic": false, "monospaced": false, "name": "MHCHDK+ArialMT", "subset": true, "weight": 400}, "HasClip": true, "Lang": "en", "Page": 0, "Path": "//Document/Sect/Table/TR[3]/TD[2]/P", "Text": "irure cillum reprehenderit ", "TextSize": 10.080001831054688, "attributes": {"LineHeight": 12.125}}, {"Path": "//Document/Sect/Table/TR[3]/TD[3]", "attributes": {"BBox": [403.903999999995, 552.9699999999721, 558.2169999999751, 565.2089999999735], "BlockAlign": "Before", "ColIndex": 2, "Height": 12.25, "InlineAlign": "Start", "RowIndex": 2, "Width": 154.375}}, {"Bounds": [81.04800415039062, 528.0431976318359, 146.34808349609375, 550.8182373046875], "ClipBounds": [81.04800415039062, 528.0431976318359, 146.34808349609375, 550.8182373046875], "Page": 0, "Path": "//Document/Sect/Table/TR[4]/TD", "attributes": {"BBox": [80.99669999999969, 527.0509999999776, 220.31099999999424, 552.9699999999721], "BlockAlign": "Middle", "ColIndex": 0, "Height": 25.875, "InlineAlign": "Start", "RowIndex": 3, "Width": 139.375}}, {"Bounds": [81.04800415039062, 541.3632049560547, 92.24681091308594, 550.8182373046875], "ClipBounds": [81.04800415039062, 541.3632049560547, 92.24681091308594, 550.8182373046875], "Font": {"alt_family_name": "Arial", "embedded": true, "encoding": "WinAnsiEncoding", "family_name": "Arial MT", "font_type": "TrueType", "italic": false, "monospaced": false, "name": "MHCHDK+ArialMT", "subset": true, "weight": 400}, "HasClip": true, "Page": 0, "Path": "//Document/Sect/Table/TR[4]/TD/P/Sub", "Text": "m ", "TextSize": 10.080001831054688, "attributes": {"Placement": "Block"}}, {"Bounds": [81.04800415039062, 528.0431976318359, 146.34808349609375, 537.4982452392578], "ClipBounds": [81.04800415039062, 528.0431976318359, 146.34808349609375, 537.4982452392578], "Font": {"alt_family_name": "Arial", "embedded": true, "encoding": "WinAnsiEncoding", "family_name": "Arial MT", "font_type": "TrueType", "italic": false, "monospaced": false, "name": "MHCHDK+ArialMT", "subset": true, "weight": 400}, "HasClip": true, "Page": 0, "Path": "//Document/Sect/Table/TR[4]/TD/P/Sub[2]", "Text": "783-402-5895 ", "TextSize": 10.080001831054688, "attributes": {"Placement": "Block"}}, {"Bounds": [240.25999450683594, 528.0431976318359, 362.9032897949219, 550.8182373046875], "ClipBounds": [240.25999450683594, 528.0431976318359, 362.9032897949219, 550.8182373046875], "Page": 0, "Path": "//Document/Sect/Table/TR[4]/TD[2]", "attributes": {"BBox": [220.31099999999424, 527.0509999999776, 403.903999999995, 552.9699999999721], "BlockAlign": "Middle", "ColIndex": 1, "Height": 25.875, "InlineAlign": "Start", "RowIndex": 3, "Width": 183.625}}, {"Bounds": [240.25999450683594, 528.0431976318359, 362.9032897949219, 550.8182373046875], "ClipBounds": [240.25999450683594, 528.0431976318359, 362.9032897949219, 550.8182373046875], "Font": {"alt_family_name": "Arial", "embedded": true, "encoding": "WinAnsiEncoding", "family_name": "Arial MT", "font_type": "TrueType", "italic": false, "monospaced": false, "name": "MHCHDK+ArialMT", "subset": true, "weight": 400}, "HasClip": true, "Lang": "en", "Page": 0, "Path": "//Document/Sect/Table/TR[4]/TD[2]/P", "Text": "velit duis tempor do non consectetur nisi mollit anim ", "TextSize": 10.080001831054688, "attributes": {"LineHeight": 13.375}}, {"Bounds": [410.63999938964844, 535.3764038085938, 450.3784484863281, 545.844482421875], "ClipBounds": [410.63999938964844, 535.3764038085938, 450.3784484863281, 545.844482421875], "Page": 0, "Path": "//Document/Sect/Table/TR[4]/TD[3]", "attributes": {"BBox": [403.903999999995, 527.0509999999776, 558.2169999999751, 552.9699999999721], "BackgroundColor": [1, 1, 0.9921569999999917], "BlockAlign": "Middle", "ColIndex": 2, "Height": 25.875, "InlineAlign": "Start", "RowIndex": 3, "Width": 154.375}}, {"Bounds": [410.63999938964844, 535.3764038085938, 450.3784484863281, 545.844482421875], "ClipBounds": [410.63999938964844, 535.3764038085938, 450.3784484863281, 545.844482421875], "Font": {"alt_family_name": "Arial", "embedded": true, "encoding": "WinAnsiEncoding", "family_name": "Arial", "font_type": "TrueType", "italic": false, "monospaced": false, "name": "CKEETE+Arial-BoldMT", "subset": true, "weight": 700}, "HasClip": true, "Lang": "en", "Page": 0, "Path": "//Document/Sect/Table/TR[4]/TD[3]/P", "Text": "$30470 ", "TextSize": 11.160003662109375, "attributes": {"LineHeight": 13.375}}, {"Bounds": [81.04800415039062, 501.7431945800781, 158.63375854492188, 524.1782379150391], "ClipBounds": [81.04800415039062, 501.7431945800781, 158.63375854492188, 524.1782379150391], "Page": 0, "Path": "//Document/Sect/Table/TR[5]/TD", "attributes": {"BBox": [80.99669999999969, 503.89199999999255, 220.31099999999424, 527.0509999999776], "BlockAlign": "After", "ColIndex": 0, "Height": 23.125, "InlineAlign": "Start", "RowIndex": 4, "Width": 139.375}}, {"Bounds": [81.04800415039062, 501.7431945800781, 158.63375854492188, 524.1782379150391], "ClipBounds": [81.04800415039062, 501.7431945800781, 158.63375854492188, 524.1782379150391], "Font": {"alt_family_name": "Arial", "embedded": true, "encoding": "WinAnsiEncoding", "family_name": "Arial MT", "font_type": "TrueType", "italic": false, "monospaced": false, "name": "MHCHDK+ArialMT", "subset": true, "weight": 400}, "HasClip": true, "Lang": "en", "Page": 0, "Path": "//Document/Sect/Table/TR[5]/TD/P", "Text": "353 Cara Shoals Suchitl\u00e1n ", "TextSize": 10.080001831054688, "attributes": {"LineHeight": 13}}, {"Bounds": [240.25999450683594, 514.7232055664062, 349.3457489013672, 524.1782379150391], "ClipBounds": [240.25999450683594, 514.7232055664062, 349.3457489013672, 524.1782379150391], "Page": 0, "Path": "//Document/Sect/Table/TR[5]/TD[2]", "attributes": {"BBox": [220.31099999999424, 503.89199999999255, 403.903999999995, 527.0509999999776], "BlockAlign": "Before", "ColIndex": 1, "Height": 23.125, "InlineAlign": "Start", "RowIndex": 4, "Width": 183.625}}, {"Bounds": [240.25999450683594, 514.7232055664062, 349.3457489013672, 524.1782379150391], "ClipBounds": [240.25999450683594, 514.7232055664062, 349.3457489013672, 524.1782379150391], "Font": {"alt_family_name": "Arial", "embedded": true, "encoding": "WinAnsiEncoding", "family_name": "Arial MT", "font_type": "TrueType", "italic": false, "monospaced": false, "name": "MHCHDK+ArialMT", "subset": true, "weight": 400}, "HasClip": true, "Lang": "en", "Page": 0, "Path": "//Document/Sect/Table/TR[5]/TD[2]/P", "Text": "reprehenderit commodo ", "TextSize": 10.080001831054688, "attributes": {"LineHeight": 12.125}}, {"Path": "//Document/Sect/Table/TR[5]/TD[3]", "attributes": {"BBox": [403.903999999995, 503.89199999999255, 558.2169999999751, 527.0509999999776], "BackgroundColor": [1, 1, 1], "BlockAlign": "Before", "ColIndex": 2, "Height": 23.125, "InlineAlign": "Start", "RowIndex": 4, "Width": 154.375}}, {"Bounds": [77.447998046875, 430.0731964111328, 530.1510314941406, 439.5282440185547], "ClipBounds": [77.447998046875, 430.0731964111328, 530.1510314941406, 439.5282440185547], "Page": 0, "Path": "//Document/Sect/Table[2]", "attributes": {"BBox": [71.5170999999973, 414.73499999998603, 540.9379999999946, 447.73399999999674], "NumCol": 4, "Placement": "Block", "SpaceAfter": 18}, "filePaths": ["tables/fileoutpart1.xlsx"]}, {"Bounds": [77.447998046875, 430.0731964111328, 104.47239685058594, 439.5282440185547], "ClipBounds": [77.447998046875, 430.0731964111328, 104.47239685058594, 439.5282440185547], "Page": 0, "Path": "//Document/Sect/Table[2]/TR/TD", "attributes": {"BBox": [71.5170999999973, 413.8949999999895, 358.78499999998894, 447.73399999999674], "BlockAlign": "Middle", "BorderColor": [[0, 0, 0], [0.6235349999999755, 0.6235349999999755, 0.6235349999999755], [0, 0, 0], [0, 0, 0]], "BorderStyle": "Solid", "BorderThickness": [0.625, 0.875, 0.5, 0.25], "ColIndex": 0, "Height": 33.875, "InlineAlign": "Start", "RowIndex": 0, "Width": 287.25}}, {"Bounds": [77.447998046875, 430.0731964111328, 104.47239685058594, 439.5282440185547], "ClipBounds": [77.447998046875, 430.0731964111328, 104.47239685058594, 439.5282440185547], "Font": {"alt_family_name": "Arial", "embedded": true, "encoding": "WinAnsiEncoding", "family_name": "Arial", "font_type": "TrueType", "italic": false, "monospaced": false, "name": "CKEETE+Arial-BoldMT", "subset": true, "weight": 700}, "HasClip": true, "Lang": "en", "Page": 0, "Path": "//Document/Sect/Table[2]/TR/TD/P", "Text": "ITEM ", "TextSize": 10.080001831054688, "attributes": {"LineHeight": 12.125}}, {"Bounds": [363.1000061035156, 430.0731964111328, 386.6570281982422, 439.5282440185547], "ClipBounds": [363.1000061035156, 430.0731964111328, 386.6570281982422, 439.5282440185547], "Page": 0, "Path": "//Document/Sect/Table[2]/TR/TD[2]", "attributes": {"BBox": [358.304999999993, 413.8949999999895, 415.6629999999859, 447.73399999999674], "BlockAlign": "Middle", "BorderColor": [[0, 0, 0], [0.6235349999999755, 0.6235349999999755, 0.6235349999999755], [0, 0, 0], [0, 0, 0]], "BorderStyle": "Solid", "BorderThickness": [0.625, 0.875, 0.25, 0.25], "ColIndex": 1, "Height": 33.875, "InlineAlign": "Start", "RowIndex": 0, "Width": 57.375}}, {"Bounds": [363.1000061035156, 430.0731964111328, 386.6570281982422, 439.5282440185547], "ClipBounds": [363.1000061035156, 430.0731964111328, 386.6570281982422, 439.5282440185547], "Font": {"alt_family_name": "Arial", "embedded": true, "encoding": "WinAnsiEncoding", "family_name": "Arial", "font_type": "TrueType", "italic": false, "monospaced": false, "name": "CKEETE+Arial-BoldMT", "subset": true, "weight": 700}, "HasClip": true, "Lang": "en", "Page": 0, "Path": "//Document/Sect/Table[2]/TR/TD[2]/P", "Text": "QTY ", "TextSize": 10.080001831054688, "attributes": {"LineHeight": 12.125}}, {"Bounds": [420.3800048828125, 430.0731964111328, 450.7712707519531, 439.5282440185547], "ClipBounds": [420.3800048828125, 430.0731964111328, 450.7712707519531, 439.5282440185547], "Page": 0, "Path": "//Document/Sect/Table[2]/TR/TD[3]", "attributes": {"BBox": [415.18299999999, 413.8949999999895, 481.8999999999942, 447.73399999999674], "BlockAlign": "Middle", "BorderColor": [[0, 0, 0], [0.6235349999999755, 0.6235349999999755, 0.6235349999999755], [0, 0, 0], [0, 0, 0]], "BorderStyle": "Solid", "BorderThickness": [0.625, 0.875, 0.25, 0.25], "ColIndex": 2, "Height": 33.875, "InlineAlign": "Start", "RowIndex": 0, "Width": 66.75}}, {"Bounds": [420.3800048828125, 430.0731964111328, 450.7712707519531, 439.5282440185547], "ClipBounds": [420.3800048828125, 430.0731964111328, 450.7712707519531, 439.5282440185547], "Font": {"alt_family_name": "Arial", "embedded": true, "encoding": "WinAnsiEncoding", "family_name": "Arial", "font_type": "TrueType", "italic": false, "monospaced": false, "name": "CKEETE+Arial-BoldMT", "subset": true, "weight": 700}, "HasClip": true, "Lang": "en", "Page": 0, "Path": "//Document/Sect/Table[2]/TR/TD[3]/P", "Text": "RATE ", "TextSize": 10.080001831054688, "attributes": {"LineHeight": 12.125}}, {"Bounds": [483.4100036621094, 430.0731964111328, 530.1510314941406, 439.5282440185547], "ClipBounds": [483.4100036621094, 430.0731964111328, 530.1510314941406, 439.5282440185547], "Page": 0, "Path": "//Document/Sect/Table[2]/TR/TD[4]", "attributes": {"BBox": [481.41999999999825, 413.8949999999895, 541.417999999976, 447.73399999999674], "BlockAlign": "Middle", "BorderColor": [[0, 0, 0], [0.6235349999999755, 0.6235349999999755, 0.6235349999999755], [0, 0, 0], [0, 0, 0]], "BorderStyle": "Solid", "BorderThickness": [0.625, 0.875, 0.25, 0.5], "ColIndex": 3, "Height": 33.875, "InlineAlign": "Start", "RowIndex": 0, "Width": 60}}, {"Bounds": [483.4100036621094, 430.0731964111328, 530.1510314941406, 439.5282440185547], "ClipBounds": [483.4100036621094, 430.0731964111328, 530.1510314941406, 439.5282440185547], "Font": {"alt_family_name": "Arial", "embedded": true, "encoding": "WinAnsiEncoding", "family_name": "Arial", "font_type": "TrueType", "italic": false, "monospaced": false, "name": "CKEETE+Arial-BoldMT", "subset": true, "weight": 700}, "HasClip": true, "Lang": "en", "Page": 0, "Path": "//Document/Sect/Table[2]/TR/TD[4]/P", "Text": "AMOUNT ", "TextSize": 10.080001831054688, "attributes": {"LineHeight": 12.125}}, {"Bounds": [77.447998046875, 126.09320068359375, 517.7280731201172, 403.50823974609375], "ClipBounds": [77.447998046875, 126.09320068359375, 517.7280731201172, 403.50823974609375], "Page": 0, "Path": "//Document/Sect/Table[3]", "attributes": {"BBox": [71.5170999999973, 108.74799999999959, 540.9379999999946, 411.97499999999127], "NumCol": 4, "NumRow": 9, "Placement": "Block", "SpaceAfter": 18}, "filePaths": ["tables/fileoutpart2.xlsx"]}, {"Bounds": [77.447998046875, 394.05320739746094, 188.6908721923828, 403.50823974609375], "ClipBounds": [77.447998046875, 394.05320739746094, 188.6908721923828, 403.50823974609375], "Page": 0, "Path": "//Document/Sect/Table[3]/TR/TD", "attributes": {"BBox": [71.5170999999973, 376.33699999999953, 358.0649999999878, 411.97499999999127], "BlockAlign": "Before", "BorderColor": [0, 0, 0], "BorderStyle": "Solid", "BorderThickness": [0.625, 0.25, 0.5, 0.25], "ColIndex": 0, "Height": 35.625, "InlineAlign": "Start", "RowIndex": 0, "Width": 286.375}}, {"Bounds": [77.447998046875, 394.05320739746094, 188.6908721923828, 403.50823974609375], "ClipBounds": [77.447998046875, 394.05320739746094, 188.6908721923828, 403.50823974609375], "Font": {"alt_family_name": "Arial", "embedded": true, "encoding": "WinAnsiEncoding", "family_name": "Arial MT", "font_type": "TrueType", "italic": false, "monospaced": false, "name": "MHCHDK+ArialMT", "subset": true, "weight": 400}, "HasClip": true, "Lang": "en", "Page": 0, "Path": "//Document/Sect/Table[3]/TR/TD/P", "Text": "Gorgeous Metal Cheese ", "TextSize": 10.080001831054688, "attributes": {"LineHeight": 12.125}}, {"Bounds": [363.82000732421875, 394.05320739746094, 378.3000030517578, 403.50823974609375], "ClipBounds": [363.82000732421875, 394.05320739746094, 378.3000030517578, 403.50823974609375], "Page": 0, "Path": "//Document/Sect/Table[3]/TR/TD[2]", "attributes": {"BBox": [357.58499999999185, 376.33699999999953, 414.22299999999814, 411.97499999999127], "BlockAlign": "Before", "BorderColor": [0, 0, 0], "BorderStyle": "Solid", "BorderThickness": [0.625, 0.25, 0.25, 0.25], "ColIndex": 1, "Height": 35.625, "InlineAlign": "Start", "RowIndex": 0, "Width": 56.625}}, {"Bounds": [363.82000732421875, 394.05320739746094, 378.3000030517578, 403.50823974609375], "ClipBounds": [363.82000732421875, 394.05320739746094, 378.3000030517578, 403.50823974609375], "Font": {"alt_family_name": "Arial", "embedded": true, "encoding": "WinAnsiEncoding", "family_name": "Arial MT", "font_type": "TrueType", "italic": false, "monospaced": false, "name": "MHCHDK+ArialMT", "subset": true, "weight": 400}, "HasClip": true, "Lang": "en", "Page": 0, "Path": "//Document/Sect/Table[3]/TR/TD[2]/P", "Text": "43 ", "TextSize": 10.080001831054688, "attributes": {"LineHeight": 12.125}}, {"Bounds": [420.3800048828125, 394.05320739746094, 434.86000061035156, 403.50823974609375], "ClipBounds": [420.3800048828125, 394.05320739746094, 434.86000061035156, 403.50823974609375], "Page": 0, "Path": "//Document/Sect/Table[3]/TR/TD[3]", "attributes": {"BBox": [413.74299999998766, 376.33699999999953, 481.8999999999942, 411.97499999999127], "BlockAlign": "Before", "BorderColor": [0, 0, 0], "BorderStyle": "Solid", "BorderThickness": [0.625, 0.25, 0.25, 0.25], "ColIndex": 2, "Height": 35.625, "InlineAlign": "Start", "RowIndex": 0, "Width": 68.125}}, {"Bounds": [420.3800048828125, 394.05320739746094, 434.86000061035156, 403.50823974609375], "ClipBounds": [420.3800048828125, 394.05320739746094, 434.86000061035156, 403.50823974609375], "Font": {"alt_family_name": "Arial", "embedded": true, "encoding": "WinAnsiEncoding", "family_name": "Arial MT", "font_type": "TrueType", "italic": false, "monospaced": false, "name": "MHCHDK+ArialMT", "subset": true, "weight": 400}, "HasClip": true, "Lang": "en", "Page": 0, "Path": "//Document/Sect/Table[3]/TR/TD[3]/P", "Text": "27 ", "TextSize": 10.080001831054688, "attributes": {"LineHeight": 12.125}}, {"Bounds": [487.00999450683594, 394.05320739746094, 517.7280731201172, 403.50823974609375], "ClipBounds": [487.00999450683594, 394.05320739746094, 517.7280731201172, 403.50823974609375], "Page": 0, "Path": "//Document/Sect/Table[3]/TR/TD[4]", "attributes": {"BBox": [481.41999999999825, 376.33699999999953, 541.417999999976, 411.97499999999127], "BlockAlign": "Before", "BorderColor": [0, 0, 0], "BorderStyle": "Solid", "BorderThickness": [0.625, 0.25, 0.25, 0.5], "ColIndex": 3, "Height": 35.625, "InlineAlign": "Start", "RowIndex": 0, "Width": 60}}, {"Bounds": [487.00999450683594, 394.05320739746094, 517.7280731201172, 403.50823974609375], "ClipBounds": [487.00999450683594, 394.05320739746094, 517.7280731201172, 403.50823974609375], "Font": {"alt_family_name": "Arial", "embedded": true, "encoding": "WinAnsiEncoding", "family_name": "Arial MT", "font_type": "TrueType", "italic": false, "monospaced": false, "name": "MHCHDK+ArialMT", "subset": true, "weight": 400}, "HasClip": true, "Lang": "en", "Page": 0, "Path": "//Document/Sect/Table[3]/TR/TD[4]/P", "Text": "$1161 ", "TextSize": 10.080001831054688, "attributes": {"LineHeight": 12.125}}, {"Bounds": [77.447998046875, 360.5731964111328, 163.15823364257812, 370.0282440185547], "ClipBounds": [77.447998046875, 360.5731964111328, 163.15823364257812, 370.0282440185547], "Page": 0, "Path": "//Document/Sect/Table[3]/TR[2]/TD", "attributes": {"BBox": [71.5170999999973, 344.6579999999958, 358.0649999999878, 376.81699999999546], "BlockAlign": "Before", "BorderColor": [0, 0, 0], "BorderStyle": "Solid", "BorderThickness": [0.25, 0.25, 0.5, 0.25], "ColIndex": 0, "Height": 32.125, "InlineAlign": "Start", "RowIndex": 1, "Width": 286.375}}, {"Bounds": [77.447998046875, 360.5731964111328, 163.15823364257812, 370.0282440185547], "ClipBounds": [77.447998046875, 360.5731964111328, 163.15823364257812, 370.0282440185547], "Font": {"alt_family_name": "Arial", "embedded": true, "encoding": "WinAnsiEncoding", "family_name": "Arial MT", "font_type": "TrueType", "italic": false, "monospaced": false, "name": "MHCHDK+ArialMT", "subset": true, "weight": 400}, "HasClip": true, "Lang": "en", "Page": 0, "Path": "//Document/Sect/Table[3]/TR[2]/TD/P", "Text": "Small Soft Cheese ", "TextSize": 10.080001831054688, "attributes": {"LineHeight": 12.125}}, {"Bounds": [363.82000732421875, 360.5731964111328, 378.3000030517578, 370.0282440185547], "ClipBounds": [363.82000732421875, 360.5731964111328, 378.3000030517578, 370.0282440185547], "Page": 0, "Path": "//Document/Sect/Table[3]/TR[2]/TD[2]", "attributes": {"BBox": [357.58499999999185, 344.6579999999958, 414.22299999999814, 376.81699999999546], "BlockAlign": "Before", "BorderColor": [0, 0, 0], "BorderStyle": "Solid", "BorderThickness": 0.25, "ColIndex": 1, "Height": 32.125, "InlineAlign": "Start", "RowIndex": 1, "Width": 56.625}}, {"Bounds": [363.82000732421875, 360.5731964111328, 378.3000030517578, 370.0282440185547], "ClipBounds": [363.82000732421875, 360.5731964111328, 378.3000030517578, 370.0282440185547], "Font": {"alt_family_name": "Arial", "embedded": true, "encoding": "WinAnsiEncoding", "family_name": "Arial MT", "font_type": "TrueType", "italic": false, "monospaced": false, "name": "MHCHDK+ArialMT", "subset": true, "weight": 400}, "HasClip": true, "Lang": "en", "Page": 0, "Path": "//Document/Sect/Table[3]/TR[2]/TD[2]/P", "Text": "39 ", "TextSize": 10.080001831054688, "attributes": {"LineHeight": 12.125}}, {"Bounds": [420.3800048828125, 360.5731964111328, 434.86000061035156, 370.0282440185547], "ClipBounds": [420.3800048828125, 360.5731964111328, 434.86000061035156, 370.0282440185547], "Page": 0, "Path": "//Document/Sect/Table[3]/TR[2]/TD[3]", "attributes": {"BBox": [413.74299999998766, 344.6579999999958, 481.8999999999942, 376.81699999999546], "BlockAlign": "Before", "BorderColor": [0, 0, 0], "BorderStyle": "Solid", "BorderThickness": 0.25, "ColIndex": 2, "Height": 32.125, "InlineAlign": "Start", "RowIndex": 1, "Width": 68.125}}, {"Bounds": [420.3800048828125, 360.5731964111328, 434.86000061035156, 370.0282440185547], "ClipBounds": [420.3800048828125, 360.5731964111328, 434.86000061035156, 370.0282440185547], "Font": {"alt_family_name": "Arial", "embedded": true, "encoding": "WinAnsiEncoding", "family_name": "Arial MT", "font_type": "TrueType", "italic": false, "monospaced": false, "name": "MHCHDK+ArialMT", "subset": true, "weight": 400}, "HasClip": true, "Lang": "en", "Page": 0, "Path": "//Document/Sect/Table[3]/TR[2]/TD[3]/P", "Text": "66 ", "TextSize": 10.080001831054688, "attributes": {"LineHeight": 12.125}}, {"Bounds": [487.00999450683594, 360.5731964111328, 517.7280731201172, 370.0282440185547], "ClipBounds": [487.00999450683594, 360.5731964111328, 517.7280731201172, 370.0282440185547], "Page": 0, "Path": "//Document/Sect/Table[3]/TR[2]/TD[4]", "attributes": {"BBox": [481.41999999999825, 344.6579999999958, 541.417999999976, 376.81699999999546], "BlockAlign": "Before", "BorderColor": [0, 0, 0], "BorderStyle": "Solid", "BorderThickness": [0.25, 0.25, 0.25, 0.5], "ColIndex": 3, "Height": 32.125, "InlineAlign": "Start", "RowIndex": 1, "Width": 60}}, {"Bounds": [487.00999450683594, 360.5731964111328, 517.7280731201172, 370.0282440185547], "ClipBounds": [487.00999450683594, 360.5731964111328, 517.7280731201172, 370.0282440185547], "Font": {"alt_family_name": "Arial", "embedded": true, "encoding": "WinAnsiEncoding", "family_name": "Arial MT", "font_type": "TrueType", "italic": false, "monospaced": false, "name": "MHCHDK+ArialMT", "subset": true, "weight": 400}, "HasClip": true, "Lang": "en", "Page": 0, "Path": "//Document/Sect/Table[3]/TR[2]/TD[4]/P", "Text": "$2574 ", "TextSize": 10.080001831054688, "attributes": {"LineHeight": 12.125}}, {"Bounds": [77.447998046875, 327.0632019042969, 188.24728393554688, 336.5182342529297], "ClipBounds": [77.447998046875, 327.0632019042969, 188.24728393554688, 336.5182342529297], "Page": 0, "Path": "//Document/Sect/Table[3]/TR[3]/TD", "attributes": {"BBox": [71.5170999999973, 310.09999999999127, 358.0649999999878, 345.13799999999173], "BlockAlign": "Middle", "BorderColor": [0, 0, 0], "BorderStyle": "Solid", "BorderThickness": [0.25, 0.25, 0.5, 0.25], "ColIndex": 0, "Height": 35, "InlineAlign": "Start", "RowIndex": 2, "Width": 286.375}}, {"Bounds": [77.447998046875, 327.0632019042969, 188.24728393554688, 336.5182342529297], "ClipBounds": [77.447998046875, 327.0632019042969, 188.24728393554688, 336.5182342529297], "Font": {"alt_family_name": "Arial", "embedded": true, "encoding": "WinAnsiEncoding", "family_name": "Arial MT", "font_type": "TrueType", "italic": false, "monospaced": false, "name": "MHCHDK+ArialMT", "subset": true, "weight": 400}, "HasClip": true, "Lang": "en", "Page": 0, "Path": "//Document/Sect/Table[3]/TR[3]/TD/P", "Text": "Handmade Plastic Chair ", "TextSize": 10.080001831054688, "attributes": {"LineHeight": 12.125}}, {"Bounds": [363.82000732421875, 327.0632019042969, 383.3751983642578, 336.5182342529297], "ClipBounds": [363.82000732421875, 327.0632019042969, 383.3751983642578, 336.5182342529297], "Page": 0, "Path": "//Document/Sect/Table[3]/TR[3]/TD[2]", "attributes": {"BBox": [357.58499999999185, 310.09999999999127, 414.22299999999814, 345.13799999999173], "BlockAlign": "Middle", "BorderColor": [0, 0, 0], "BorderStyle": "Solid", "BorderThickness": 0.25, "ColIndex": 1, "Height": 35, "InlineAlign": "Start", "RowIndex": 2, "Width": 56.625}}, {"Bounds": [363.82000732421875, 327.0632019042969, 383.3751983642578, 336.5182342529297], "ClipBounds": [363.82000732421875, 327.0632019042969, 383.3751983642578, 336.5182342529297], "Font": {"alt_family_name": "Arial", "embedded": true, "encoding": "WinAnsiEncoding", "family_name": "Arial MT", "font_type": "TrueType", "italic": false, "monospaced": false, "name": "MHCHDK+ArialMT", "subset": true, "weight": 400}, "HasClip": true, "Lang": "en", "Page": 0, "Path": "//Document/Sect/Table[3]/TR[3]/TD[2]/P", "Text": "106 ", "TextSize": 10.080001831054688, "attributes": {"LineHeight": 12.125}}, {"Bounds": [420.3800048828125, 327.0632019042969, 434.86000061035156, 336.5182342529297], "ClipBounds": [420.3800048828125, 327.0632019042969, 434.86000061035156, 336.5182342529297], "Page": 0, "Path": "//Document/Sect/Table[3]/TR[3]/TD[3]", "attributes": {"BBox": [413.74299999998766, 310.09999999999127, 481.8999999999942, 345.13799999999173], "BlockAlign": "Middle", "BorderColor": [0, 0, 0], "BorderStyle": "Solid", "BorderThickness": 0.25, "ColIndex": 2, "Height": 35, "InlineAlign": "Start", "RowIndex": 2, "Width": 68.125}}, {"Bounds": [420.3800048828125, 327.0632019042969, 434.86000061035156, 336.5182342529297], "ClipBounds": [420.3800048828125, 327.0632019042969, 434.86000061035156, 336.5182342529297], "Font": {"alt_family_name": "Arial", "embedded": true, "encoding": "WinAnsiEncoding", "family_name": "Arial MT", "font_type": "TrueType", "italic": false, "monospaced": false, "name": "MHCHDK+ArialMT", "subset": true, "weight": 400}, "HasClip": true, "Lang": "en", "Page": 0, "Path": "//Document/Sect/Table[3]/TR[3]/TD[3]/P", "Text": "51 ", "TextSize": 10.080001831054688, "attributes": {"LineHeight": 12.125}}, {"Bounds": [487.00999450683594, 327.0632019042969, 517.7280731201172, 336.5182342529297], "ClipBounds": [487.00999450683594, 327.0632019042969, 517.7280731201172, 336.5182342529297], "Page": 0, "Path": "//Document/Sect/Table[3]/TR[3]/TD[4]", "attributes": {"BBox": [481.41999999999825, 310.09999999999127, 541.417999999976, 345.13799999999173], "BlockAlign": "Middle", "BorderColor": [0, 0, 0], "BorderStyle": "Solid", "BorderThickness": [0.25, 0.25, 0.25, 0.5], "ColIndex": 3, "Height": 35, "InlineAlign": "Start", "RowIndex": 2, "Width": 60}}, {"Bounds": [487.00999450683594, 327.0632019042969, 517.7280731201172, 336.5182342529297], "ClipBounds": [487.00999450683594, 327.0632019042969, 517.7280731201172, 336.5182342529297], "Font": {"alt_family_name": "Arial", "embedded": true, "encoding": "WinAnsiEncoding", "family_name": "Arial MT", "font_type": "TrueType", "italic": false, "monospaced": false, "name": "MHCHDK+ArialMT", "subset": true, "weight": 400}, "HasClip": true, "Lang": "en", "Page": 0, "Path": "//Document/Sect/Table[3]/TR[3]/TD[4]/P", "Text": "$5406 ", "TextSize": 10.080001831054688, "attributes": {"LineHeight": 12.125}}, {"Bounds": [77.447998046875, 293.5632019042969, 184.51776123046875, 303.0182342529297], "ClipBounds": [77.447998046875, 293.5632019042969, 184.51776123046875, 303.0182342529297], "Page": 0, "Path": "//Document/Sect/Table[3]/TR[4]/TD", "attributes": {"BBox": [71.5170999999973, 275.54099999999744, 358.0649999999878, 310.5799999999872], "BlockAlign": "Before", "BorderColor": [0, 0, 0], "BorderStyle": "Solid", "BorderThickness": [0.25, 0.25, 0.5, 0.25], "ColIndex": 0, "Height": 35, "InlineAlign": "Start", "RowIndex": 3, "Width": 286.375}}, {"Bounds": [77.447998046875, 293.5632019042969, 184.51776123046875, 303.0182342529297], "ClipBounds": [77.447998046875, 293.5632019042969, 184.51776123046875, 303.0182342529297], "Font": {"alt_family_name": "Arial", "embedded": true, "encoding": "WinAnsiEncoding", "family_name": "Arial MT", "font_type": "TrueType", "italic": false, "monospaced": false, "name": "MHCHDK+ArialMT", "subset": true, "weight": 400}, "HasClip": true, "Lang": "en", "Page": 0, "Path": "//Document/Sect/Table[3]/TR[4]/TD/P", "Text": "Gorgeous Steel Towels ", "TextSize": 10.080001831054688, "attributes": {"LineHeight": 12.125}}, {"Bounds": [363.82000732421875, 293.5632019042969, 378.3000030517578, 303.0182342529297], "ClipBounds": [363.82000732421875, 293.5632019042969, 378.3000030517578, 303.0182342529297], "Page": 0, "Path": "//Document/Sect/Table[3]/TR[4]/TD[2]", "attributes": {"BBox": [357.58499999999185, 275.54099999999744, 414.22299999999814, 310.5799999999872], "BlockAlign": "Before", "BorderColor": [0, 0, 0], "BorderStyle": "Solid", "BorderThickness": 0.25, "ColIndex": 1, "Height": 35, "InlineAlign": "Start", "RowIndex": 3, "Width": 56.625}}, {"Bounds": [363.82000732421875, 293.5632019042969, 378.3000030517578, 303.0182342529297], "ClipBounds": [363.82000732421875, 293.5632019042969, 378.3000030517578, 303.0182342529297], "Font": {"alt_family_name": "Arial", "embedded": true, "encoding": "WinAnsiEncoding", "family_name": "Arial MT", "font_type": "TrueType", "italic": false, "monospaced": false, "name": "MHCHDK+ArialMT", "subset": true, "weight": 400}, "HasClip": true, "Lang": "en", "Page": 0, "Path": "//Document/Sect/Table[3]/TR[4]/TD[2]/P", "Text": "52 ", "TextSize": 10.080001831054688, "attributes": {"LineHeight": 12.125}}, {"Bounds": [420.3800048828125, 293.5632019042969, 434.86000061035156, 303.0182342529297], "ClipBounds": [420.3800048828125, 293.5632019042969, 434.86000061035156, 303.0182342529297], "Page": 0, "Path": "//Document/Sect/Table[3]/TR[4]/TD[3]", "attributes": {"BBox": [413.74299999998766, 275.54099999999744, 481.8999999999942, 310.5799999999872], "BlockAlign": "Before", "BorderColor": [0, 0, 0], "BorderStyle": "Solid", "BorderThickness": 0.25, "ColIndex": 2, "Height": 35, "InlineAlign": "Start", "RowIndex": 3, "Width": 68.125}}, {"Bounds": [420.3800048828125, 293.5632019042969, 434.86000061035156, 303.0182342529297], "ClipBounds": [420.3800048828125, 293.5632019042969, 434.86000061035156, 303.0182342529297], "Font": {"alt_family_name": "Arial", "embedded": true, "encoding": "WinAnsiEncoding", "family_name": "Arial MT", "font_type": "TrueType", "italic": false, "monospaced": false, "name": "MHCHDK+ArialMT", "subset": true, "weight": 400}, "HasClip": true, "Lang": "en", "Page": 0, "Path": "//Document/Sect/Table[3]/TR[4]/TD[3]/P", "Text": "99 ", "TextSize": 10.080001831054688, "attributes": {"LineHeight": 12.125}}, {"Bounds": [487.00999450683594, 293.5632019042969, 517.7280731201172, 303.0182342529297], "ClipBounds": [487.00999450683594, 293.5632019042969, 517.7280731201172, 303.0182342529297], "Page": 0, "Path": "//Document/Sect/Table[3]/TR[4]/TD[4]", "attributes": {"BBox": [481.41999999999825, 275.54099999999744, 541.417999999976, 310.5799999999872], "BlockAlign": "Before", "BorderColor": [0, 0, 0], "BorderStyle": "Solid", "BorderThickness": [0.25, 0.25, 0.25, 0.5], "ColIndex": 3, "Height": 35, "InlineAlign": "Start", "RowIndex": 3, "Width": 60}}, {"Bounds": [487.00999450683594, 293.5632019042969, 517.7280731201172, 303.0182342529297], "ClipBounds": [487.00999450683594, 293.5632019042969, 517.7280731201172, 303.0182342529297], "Font": {"alt_family_name": "Arial", "embedded": true, "encoding": "WinAnsiEncoding", "family_name": "Arial MT", "font_type": "TrueType", "italic": false, "monospaced": false, "name": "MHCHDK+ArialMT", "subset": true, "weight": 400}, "HasClip": true, "Lang": "en", "Page": 0, "Path": "//Document/Sect/Table[3]/TR[4]/TD[4]/P", "Text": "$5148 ", "TextSize": 10.080001831054688, "attributes": {"LineHeight": 12.125}}, {"Bounds": [77.447998046875, 260.0832061767578, 183.81216430664062, 269.5382385253906], "ClipBounds": [77.447998046875, 260.0832061767578, 183.81216430664062, 269.5382385253906], "Page": 0, "Path": "//Document/Sect/Table[3]/TR[5]/TD", "attributes": {"BBox": [71.5170999999973, 243.8619999999937, 358.0649999999878, 276.02099999999336], "BlockAlign": "Before", "BorderColor": [0, 0, 0], "BorderStyle": "Solid", "BorderThickness": [0.25, 0.25, 0.5, 0.25], "ColIndex": 0, "Height": 32.125, "InlineAlign": "Start", "RowIndex": 4, "Width": 286.375}}, {"Bounds": [77.447998046875, 260.0832061767578, 183.81216430664062, 269.5382385253906], "ClipBounds": [77.447998046875, 260.0832061767578, 183.81216430664062, 269.5382385253906], "Font": {"alt_family_name": "Arial", "embedded": true, "encoding": "WinAnsiEncoding", "family_name": "Arial MT", "font_type": "TrueType", "italic": false, "monospaced": false, "name": "MHCHDK+ArialMT", "subset": true, "weight": 400}, "HasClip": true, "Lang": "en", "Page": 0, "Path": "//Document/Sect/Table[3]/TR[5]/TD/P", "Text": "Handmade Soft Gloves ", "TextSize": 10.080001831054688, "attributes": {"LineHeight": 12.125}}, {"Bounds": [363.82000732421875, 260.0832061767578, 383.3751983642578, 269.5382385253906], "ClipBounds": [363.82000732421875, 260.0832061767578, 383.3751983642578, 269.5382385253906], "Page": 0, "Path": "//Document/Sect/Table[3]/TR[5]/TD[2]", "attributes": {"BBox": [357.58499999999185, 243.8619999999937, 414.22299999999814, 276.02099999999336], "BlockAlign": "Before", "BorderColor": [0, 0, 0], "BorderStyle": "Solid", "BorderThickness": 0.25, "ColIndex": 1, "Height": 32.125, "InlineAlign": "Start", "RowIndex": 4, "Width": 56.625}}, {"Bounds": [363.82000732421875, 260.0832061767578, 383.3751983642578, 269.5382385253906], "ClipBounds": [363.82000732421875, 260.0832061767578, 383.3751983642578, 269.5382385253906], "Font": {"alt_family_name": "Arial", "embedded": true, "encoding": "WinAnsiEncoding", "family_name": "Arial MT", "font_type": "TrueType", "italic": false, "monospaced": false, "name": "MHCHDK+ArialMT", "subset": true, "weight": 400}, "HasClip": true, "Lang": "en", "Page": 0, "Path": "//Document/Sect/Table[3]/TR[5]/TD[2]/P", "Text": "121 ", "TextSize": 10.080001831054688, "attributes": {"LineHeight": 12.125}}, {"Bounds": [420.3800048828125, 260.0832061767578, 434.86000061035156, 269.5382385253906], "ClipBounds": [420.3800048828125, 260.0832061767578, 434.86000061035156, 269.5382385253906], "Page": 0, "Path": "//Document/Sect/Table[3]/TR[5]/TD[3]", "attributes": {"BBox": [413.74299999998766, 243.8619999999937, 481.8999999999942, 276.02099999999336], "BlockAlign": "Before", "BorderColor": [0, 0, 0], "BorderStyle": "Solid", "BorderThickness": 0.25, "ColIndex": 2, "Height": 32.125, "InlineAlign": "Start", "RowIndex": 4, "Width": 68.125}}, {"Bounds": [420.3800048828125, 260.0832061767578, 434.86000061035156, 269.5382385253906], "ClipBounds": [420.3800048828125, 260.0832061767578, 434.86000061035156, 269.5382385253906], "Font": {"alt_family_name": "Arial", "embedded": true, "encoding": "WinAnsiEncoding", "family_name": "Arial MT", "font_type": "TrueType", "italic": false, "monospaced": false, "name": "MHCHDK+ArialMT", "subset": true, "weight": 400}, "HasClip": true, "Lang": "en", "Page": 0, "Path": "//Document/Sect/Table[3]/TR[5]/TD[3]/P", "Text": "18 ", "TextSize": 10.080001831054688, "attributes": {"LineHeight": 12.125}}, {"Bounds": [487.00999450683594, 260.0832061767578, 517.7280731201172, 269.5382385253906], "ClipBounds": [487.00999450683594, 260.0832061767578, 517.7280731201172, 269.5382385253906], "Page": 0, "Path": "//Document/Sect/Table[3]/TR[5]/TD[4]", "attributes": {"BBox": [481.41999999999825, 243.8619999999937, 541.417999999976, 276.02099999999336], "BlockAlign": "Before", "BorderColor": [0, 0, 0], "BorderStyle": "Solid", "BorderThickness": [0.25, 0.25, 0.25, 0.5], "ColIndex": 3, "Height": 32.125, "InlineAlign": "Start", "RowIndex": 4, "Width": 60}}, {"Bounds": [487.00999450683594, 260.0832061767578, 517.7280731201172, 269.5382385253906], "ClipBounds": [487.00999450683594, 260.0832061767578, 517.7280731201172, 269.5382385253906], "Font": {"alt_family_name": "Arial", "embedded": true, "encoding": "WinAnsiEncoding", "family_name": "Arial MT", "font_type": "TrueType", "italic": false, "monospaced": false, "name": "MHCHDK+ArialMT", "subset": true, "weight": 400}, "HasClip": true, "Lang": "en", "Page": 0, "Path": "//Document/Sect/Table[3]/TR[5]/TD[4]/P", "Text": "$2178 ", "TextSize": 10.080001831054688, "attributes": {"LineHeight": 12.125}}, {"Bounds": [77.447998046875, 226.5832061767578, 200.23248291015625, 236.03823852539062], "ClipBounds": [77.447998046875, 226.5832061767578, 200.23248291015625, 236.03823852539062], "Page": 0, "Path": "//Document/Sect/Table[3]/TR[6]/TD", "attributes": {"BBox": [71.5170999999973, 209.30399999999645, 358.0649999999878, 244.34199999999691], "BlockAlign": "Middle", "BorderColor": [0, 0, 0], "BorderStyle": "Solid", "BorderThickness": [0.25, 0.25, 0.5, 0.25], "ColIndex": 0, "Height": 35, "InlineAlign": "Start", "RowIndex": 5, "Width": 286.375}}, {"Bounds": [77.447998046875, 226.5832061767578, 200.23248291015625, 236.03823852539062], "ClipBounds": [77.447998046875, 226.5832061767578, 200.23248291015625, 236.03823852539062], "Font": {"alt_family_name": "Arial", "embedded": true, "encoding": "WinAnsiEncoding", "family_name": "Arial MT", "font_type": "TrueType", "italic": false, "monospaced": false, "name": "MHCHDK+ArialMT", "subset": true, "weight": 400}, "HasClip": true, "Lang": "en", "Page": 0, "Path": "//Document/Sect/Table[3]/TR[6]/TD/P", "Text": "Handcrafted Wooden Tuna ", "TextSize": 10.080001831054688, "attributes": {"LineHeight": 12.125}}, {"Bounds": [363.82000732421875, 226.5832061767578, 378.3000030517578, 236.03823852539062], "ClipBounds": [363.82000732421875, 226.5832061767578, 378.3000030517578, 236.03823852539062], "Page": 0, "Path": "//Document/Sect/Table[3]/TR[6]/TD[2]", "attributes": {"BBox": [357.58499999999185, 209.30399999999645, 414.22299999999814, 244.34199999999691], "BlockAlign": "Middle", "BorderColor": [0, 0, 0], "BorderStyle": "Solid", "BorderThickness": 0.25, "ColIndex": 1, "Height": 35, "InlineAlign": "Start", "RowIndex": 5, "Width": 56.625}}, {"Bounds": [363.82000732421875, 226.5832061767578, 378.3000030517578, 236.03823852539062], "ClipBounds": [363.82000732421875, 226.5832061767578, 378.3000030517578, 236.03823852539062], "Font": {"alt_family_name": "Arial", "embedded": true, "encoding": "WinAnsiEncoding", "family_name": "Arial MT", "font_type": "TrueType", "italic": false, "monospaced": false, "name": "MHCHDK+ArialMT", "subset": true, "weight": 400}, "HasClip": true, "Lang": "en", "Page": 0, "Path": "//Document/Sect/Table[3]/TR[6]/TD[2]/P", "Text": "22 ", "TextSize": 10.080001831054688, "attributes": {"LineHeight": 12.125}}, {"Bounds": [420.3800048828125, 226.5832061767578, 434.86000061035156, 236.03823852539062], "ClipBounds": [420.3800048828125, 226.5832061767578, 434.86000061035156, 236.03823852539062], "Page": 0, "Path": "//Document/Sect/Table[3]/TR[6]/TD[3]", "attributes": {"BBox": [413.74299999998766, 209.30399999999645, 481.8999999999942, 244.34199999999691], "BlockAlign": "Middle", "BorderColor": [0, 0, 0], "BorderStyle": "Solid", "BorderThickness": 0.25, "ColIndex": 2, "Height": 35, "InlineAlign": "Start", "RowIndex": 5, "Width": 68.125}}, {"Bounds": [420.3800048828125, 226.5832061767578, 434.86000061035156, 236.03823852539062], "ClipBounds": [420.3800048828125, 226.5832061767578, 434.86000061035156, 236.03823852539062], "Font": {"alt_family_name": "Arial", "embedded": true, "encoding": "WinAnsiEncoding", "family_name": "Arial MT", "font_type": "TrueType", "italic": false, "monospaced": false, "name": "MHCHDK+ArialMT", "subset": true, "weight": 400}, "HasClip": true, "Lang": "en", "Page": 0, "Path": "//Document/Sect/Table[3]/TR[6]/TD[3]/P", "Text": "86 ", "TextSize": 10.080001831054688, "attributes": {"LineHeight": 12.125}}, {"Bounds": [487.00999450683594, 226.5832061767578, 517.7280731201172, 236.03823852539062], "ClipBounds": [487.00999450683594, 226.5832061767578, 517.7280731201172, 236.03823852539062], "Page": 0, "Path": "//Document/Sect/Table[3]/TR[6]/TD[4]", "attributes": {"BBox": [481.41999999999825, 209.30399999999645, 541.417999999976, 244.34199999999691], "BlockAlign": "Middle", "BorderColor": [0, 0, 0], "BorderStyle": "Solid", "BorderThickness": [0.25, 0.25, 0.25, 0.5], "ColIndex": 3, "Height": 35, "InlineAlign": "Start", "RowIndex": 5, "Width": 60}}, {"Bounds": [487.00999450683594, 226.5832061767578, 517.7280731201172, 236.03823852539062], "ClipBounds": [487.00999450683594, 226.5832061767578, 517.7280731201172, 236.03823852539062], "Font": {"alt_family_name": "Arial", "embedded": true, "encoding": "WinAnsiEncoding", "family_name": "Arial MT", "font_type": "TrueType", "italic": false, "monospaced": false, "name": "MHCHDK+ArialMT", "subset": true, "weight": 400}, "HasClip": true, "Lang": "en", "Page": 0, "Path": "//Document/Sect/Table[3]/TR[6]/TD[4]/P", "Text": "$1892 ", "TextSize": 10.080001831054688, "attributes": {"LineHeight": 12.125}}, {"Bounds": [77.447998046875, 193.0731964111328, 153.09840393066406, 202.5282440185547], "ClipBounds": [77.447998046875, 193.0731964111328, 153.09840393066406, 202.5282440185547], "Page": 0, "Path": "//Document/Sect/Table[3]/TR[7]/TD", "attributes": {"BBox": [71.5170999999973, 176.18499999999767, 358.0649999999878, 209.78399999999965], "BlockAlign": "Before", "BorderColor": [0, 0, 0], "BorderStyle": "Solid", "BorderThickness": [0.25, 0.25, 0.5, 0.25], "ColIndex": 0, "Height": 33.625, "InlineAlign": "Start", "RowIndex": 6, "Width": 286.375}}, {"Bounds": [77.447998046875, 193.0731964111328, 153.09840393066406, 202.5282440185547], "ClipBounds": [77.447998046875, 193.0731964111328, 153.09840393066406, 202.5282440185547], "Font": {"alt_family_name": "Arial", "embedded": true, "encoding": "WinAnsiEncoding", "family_name": "Arial MT", "font_type": "TrueType", "italic": false, "monospaced": false, "name": "MHCHDK+ArialMT", "subset": true, "weight": 400}, "HasClip": true, "Lang": "en", "Page": 0, "Path": "//Document/Sect/Table[3]/TR[7]/TD/P", "Text": "Tasty Soft Table ", "TextSize": 10.080001831054688, "attributes": {"LineHeight": 12.125}}, {"Bounds": [363.82000732421875, 193.0731964111328, 378.3000030517578, 202.5282440185547], "ClipBounds": [363.82000732421875, 193.0731964111328, 378.3000030517578, 202.5282440185547], "Page": 0, "Path": "//Document/Sect/Table[3]/TR[7]/TD[2]", "attributes": {"BBox": [357.58499999999185, 176.18499999999767, 414.22299999999814, 209.78399999999965], "BlockAlign": "Before", "BorderColor": [0, 0, 0], "BorderStyle": "Solid", "BorderThickness": 0.25, "ColIndex": 1, "Height": 33.625, "InlineAlign": "Start", "RowIndex": 6, "Width": 56.625}}, {"Bounds": [363.82000732421875, 193.0731964111328, 378.3000030517578, 202.5282440185547], "ClipBounds": [363.82000732421875, 193.0731964111328, 378.3000030517578, 202.5282440185547], "Font": {"alt_family_name": "Arial", "embedded": true, "encoding": "WinAnsiEncoding", "family_name": "Arial MT", "font_type": "TrueType", "italic": false, "monospaced": false, "name": "MHCHDK+ArialMT", "subset": true, "weight": 400}, "HasClip": true, "Lang": "en", "Page": 0, "Path": "//Document/Sect/Table[3]/TR[7]/TD[2]/P", "Text": "61 ", "TextSize": 10.080001831054688, "attributes": {"LineHeight": 12.125}}, {"Bounds": [420.3800048828125, 193.0731964111328, 434.86000061035156, 202.5282440185547], "ClipBounds": [420.3800048828125, 193.0731964111328, 434.86000061035156, 202.5282440185547], "Page": 0, "Path": "//Document/Sect/Table[3]/TR[7]/TD[3]", "attributes": {"BBox": [413.74299999998766, 176.18499999999767, 481.8999999999942, 209.78399999999965], "BlockAlign": "Before", "BorderColor": [0, 0, 0], "BorderStyle": "Solid", "BorderThickness": 0.25, "ColIndex": 2, "Height": 33.625, "InlineAlign": "Start", "RowIndex": 6, "Width": 68.125}}, {"Bounds": [420.3800048828125, 193.0731964111328, 434.86000061035156, 202.5282440185547], "ClipBounds": [420.3800048828125, 193.0731964111328, 434.86000061035156, 202.5282440185547], "Font": {"alt_family_name": "Arial", "embedded": true, "encoding": "WinAnsiEncoding", "family_name": "Arial MT", "font_type": "TrueType", "italic": false, "monospaced": false, "name": "MHCHDK+ArialMT", "subset": true, "weight": 400}, "HasClip": true, "Lang": "en", "Page": 0, "Path": "//Document/Sect/Table[3]/TR[7]/TD[3]/P", "Text": "13 ", "TextSize": 10.080001831054688, "attributes": {"LineHeight": 12.125}}, {"Bounds": [487.00999450683594, 193.0731964111328, 512.3251953125, 202.5282440185547], "ClipBounds": [487.00999450683594, 193.0731964111328, 512.3251953125, 202.5282440185547], "Page": 0, "Path": "//Document/Sect/Table[3]/TR[7]/TD[4]", "attributes": {"BBox": [481.41999999999825, 176.18499999999767, 541.417999999976, 209.78399999999965], "BlockAlign": "Before", "BorderColor": [0, 0, 0], "BorderStyle": "Solid", "BorderThickness": [0.25, 0.25, 0.25, 0.5], "ColIndex": 3, "Height": 33.625, "InlineAlign": "Start", "RowIndex": 6, "Width": 60}}, {"Bounds": [487.00999450683594, 193.0731964111328, 512.3251953125, 202.5282440185547], "ClipBounds": [487.00999450683594, 193.0731964111328, 512.3251953125, 202.5282440185547], "Font": {"alt_family_name": "Arial", "embedded": true, "encoding": "WinAnsiEncoding", "family_name": "Arial MT", "font_type": "TrueType", "italic": false, "monospaced": false, "name": "MHCHDK+ArialMT", "subset": true, "weight": 400}, "HasClip": true, "Lang": "en", "Page": 0, "Path": "//Document/Sect/Table[3]/TR[7]/TD[4]/P", "Text": "$793 ", "TextSize": 10.080001831054688, "attributes": {"LineHeight": 12.125}}, {"Bounds": [77.447998046875, 159.59320068359375, 195.88800048828125, 169.04823303222656], "ClipBounds": [77.447998046875, 159.59320068359375, 195.88800048828125, 169.04823303222656], "Page": 0, "Path": "//Document/Sect/Table[3]/TR[8]/TD", "attributes": {"BBox": [71.5170999999973, 143.0659999999989, 358.0649999999878, 176.6649999999936], "BlockAlign": "Before", "BorderColor": [0, 0, 0], "BorderStyle": "Solid", "BorderThickness": [0.25, 0.25, 0.5, 0.25], "ColIndex": 0, "Height": 33.625, "InlineAlign": "Start", "RowIndex": 7, "Width": 286.375}}, {"Bounds": [77.447998046875, 159.59320068359375, 195.88800048828125, 169.04823303222656], "ClipBounds": [77.447998046875, 159.59320068359375, 195.88800048828125, 169.04823303222656], "Font": {"alt_family_name": "Arial", "embedded": true, "encoding": "WinAnsiEncoding", "family_name": "Arial MT", "font_type": "TrueType", "italic": false, "monospaced": false, "name": "MHCHDK+ArialMT", "subset": true, "weight": 400}, "HasClip": true, "Lang": "en", "Page": 0, "Path": "//Document/Sect/Table[3]/TR[8]/TD/P", "Text": "Handcrafted Frozen Pizza ", "TextSize": 10.080001831054688, "attributes": {"LineHeight": 12.125}}, {"Bounds": [363.82000732421875, 159.59320068359375, 383.3751983642578, 169.04823303222656], "ClipBounds": [363.82000732421875, 159.59320068359375, 383.3751983642578, 169.04823303222656], "Page": 0, "Path": "//Document/Sect/Table[3]/TR[8]/TD[2]", "attributes": {"BBox": [357.58499999999185, 143.0659999999989, 414.22299999999814, 176.6649999999936], "BlockAlign": "Before", "BorderColor": [0, 0, 0], "BorderStyle": "Solid", "BorderThickness": 0.25, "ColIndex": 1, "Height": 33.625, "InlineAlign": "Start", "RowIndex": 7, "Width": 56.625}}, {"Bounds": [363.82000732421875, 159.59320068359375, 383.3751983642578, 169.04823303222656], "ClipBounds": [363.82000732421875, 159.59320068359375, 383.3751983642578, 169.04823303222656], "Font": {"alt_family_name": "Arial", "embedded": true, "encoding": "WinAnsiEncoding", "family_name": "Arial MT", "font_type": "TrueType", "italic": false, "monospaced": false, "name": "MHCHDK+ArialMT", "subset": true, "weight": 400}, "HasClip": true, "Lang": "en", "Page": 0, "Path": "//Document/Sect/Table[3]/TR[8]/TD[2]/P", "Text": "100 ", "TextSize": 10.080001831054688, "attributes": {"LineHeight": 12.125}}, {"Bounds": [420.3800048828125, 159.59320068359375, 434.86000061035156, 169.04823303222656], "ClipBounds": [420.3800048828125, 159.59320068359375, 434.86000061035156, 169.04823303222656], "Page": 0, "Path": "//Document/Sect/Table[3]/TR[8]/TD[3]", "attributes": {"BBox": [413.74299999998766, 143.0659999999989, 481.8999999999942, 176.6649999999936], "BlockAlign": "Before", "BorderColor": [0, 0, 0], "BorderStyle": "Solid", "BorderThickness": 0.25, "ColIndex": 2, "Height": 33.625, "InlineAlign": "Start", "RowIndex": 7, "Width": 68.125}}, {"Bounds": [420.3800048828125, 159.59320068359375, 434.86000061035156, 169.04823303222656], "ClipBounds": [420.3800048828125, 159.59320068359375, 434.86000061035156, 169.04823303222656], "Font": {"alt_family_name": "Arial", "embedded": true, "encoding": "WinAnsiEncoding", "family_name": "Arial MT", "font_type": "TrueType", "italic": false, "monospaced": false, "name": "MHCHDK+ArialMT", "subset": true, "weight": 400}, "HasClip": true, "Lang": "en", "Page": 0, "Path": "//Document/Sect/Table[3]/TR[8]/TD[3]/P", "Text": "79 ", "TextSize": 10.080001831054688, "attributes": {"LineHeight": 12.125}}, {"Bounds": [487.00999450683594, 159.59320068359375, 517.7280731201172, 169.04823303222656], "ClipBounds": [487.00999450683594, 159.59320068359375, 517.7280731201172, 169.04823303222656], "Page": 0, "Path": "//Document/Sect/Table[3]/TR[8]/TD[4]", "attributes": {"BBox": [481.41999999999825, 143.0659999999989, 541.417999999976, 176.6649999999936], "BlockAlign": "Before", "BorderColor": [0, 0, 0], "BorderStyle": "Solid", "BorderThickness": [0.25, 0.25, 0.25, 0.5], "ColIndex": 3, "Height": 33.625, "InlineAlign": "Start", "RowIndex": 7, "Width": 60}}, {"Bounds": [487.00999450683594, 159.59320068359375, 517.7280731201172, 169.04823303222656], "ClipBounds": [487.00999450683594, 159.59320068359375, 517.7280731201172, 169.04823303222656], "Font": {"alt_family_name": "Arial", "embedded": true, "encoding": "WinAnsiEncoding", "family_name": "Arial MT", "font_type": "TrueType", "italic": false, "monospaced": false, "name": "MHCHDK+ArialMT", "subset": true, "weight": 400}, "HasClip": true, "Lang": "en", "Page": 0, "Path": "//Document/Sect/Table[3]/TR[8]/TD[4]/P", "Text": "$7900 ", "TextSize": 10.080001831054688, "attributes": {"LineHeight": 12.125}}, {"Bounds": [77.447998046875, 126.09320068359375, 170.37551879882812, 135.54823303222656], "ClipBounds": [77.447998046875, 126.09320068359375, 170.37551879882812, 135.54823303222656], "Page": 0, "Path": "//Document/Sect/Table[3]/TR[9]/TD", "attributes": {"BBox": [71.5170999999973, 108.14799999999741, 358.0649999999878, 143.54599999999482], "BlockAlign": "Before", "BorderColor": [0, 0, 0], "BorderStyle": "Solid", "BorderThickness": [0.25, 0.625, 0.5, 0.25], "ColIndex": 0, "Height": 35.375, "InlineAlign": "Start", "RowIndex": 8, "Width": 286.375}}, {"Bounds": [77.447998046875, 126.09320068359375, 170.37551879882812, 135.54823303222656], "ClipBounds": [77.447998046875, 126.09320068359375, 170.37551879882812, 135.54823303222656], "Font": {"alt_family_name": "Arial", "embedded": true, "encoding": "WinAnsiEncoding", "family_name": "Arial MT", "font_type": "TrueType", "italic": false, "monospaced": false, "name": "MHCHDK+ArialMT", "subset": true, "weight": 400}, "HasClip": true, "Lang": "en", "Page": 0, "Path": "//Document/Sect/Table[3]/TR[9]/TD/P", "Text": "Tasty Wooden Tuna ", "TextSize": 10.080001831054688, "attributes": {"LineHeight": 12.125}}, {"Bounds": [363.82000732421875, 126.09320068359375, 378.3000030517578, 135.54823303222656], "ClipBounds": [363.82000732421875, 126.09320068359375, 378.3000030517578, 135.54823303222656], "Page": 0, "Path": "//Document/Sect/Table[3]/TR[9]/TD[2]", "attributes": {"BBox": [357.58499999999185, 108.14799999999741, 414.22299999999814, 143.54599999999482], "BlockAlign": "Before", "BorderColor": [0, 0, 0], "BorderStyle": "Solid", "BorderThickness": [0.25, 0.625, 0.25, 0.25], "ColIndex": 1, "Height": 35.375, "InlineAlign": "Start", "RowIndex": 8, "Width": 56.625}}, {"Bounds": [363.82000732421875, 126.09320068359375, 378.3000030517578, 135.54823303222656], "ClipBounds": [363.82000732421875, 126.09320068359375, 378.3000030517578, 135.54823303222656], "Font": {"alt_family_name": "Arial", "embedded": true, "encoding": "WinAnsiEncoding", "family_name": "Arial MT", "font_type": "TrueType", "italic": false, "monospaced": false, "name": "MHCHDK+ArialMT", "subset": true, "weight": 400}, "HasClip": true, "Lang": "en", "Page": 0, "Path": "//Document/Sect/Table[3]/TR[9]/TD[2]/P", "Text": "27 ", "TextSize": 10.080001831054688, "attributes": {"LineHeight": 12.125}}, {"Bounds": [420.3800048828125, 126.09320068359375, 434.86000061035156, 135.54823303222656], "ClipBounds": [420.3800048828125, 126.09320068359375, 434.86000061035156, 135.54823303222656], "Page": 0, "Path": "//Document/Sect/Table[3]/TR[9]/TD[3]", "attributes": {"BBox": [413.74299999998766, 108.14799999999741, 481.8999999999942, 143.54599999999482], "BlockAlign": "Before", "BorderColor": [0, 0, 0], "BorderStyle": "Solid", "BorderThickness": [0.25, 0.625, 0.25, 0.25], "ColIndex": 2, "Height": 35.375, "InlineAlign": "Start", "RowIndex": 8, "Width": 68.125}}, {"Bounds": [420.3800048828125, 126.09320068359375, 434.86000061035156, 135.54823303222656], "ClipBounds": [420.3800048828125, 126.09320068359375, 434.86000061035156, 135.54823303222656], "Font": {"alt_family_name": "Arial", "embedded": true, "encoding": "WinAnsiEncoding", "family_name": "Arial MT", "font_type": "TrueType", "italic": false, "monospaced": false, "name": "MHCHDK+ArialMT", "subset": true, "weight": 400}, "HasClip": true, "Lang": "en", "Page": 0, "Path": "//Document/Sect/Table[3]/TR[9]/TD[3]/P", "Text": "24 ", "TextSize": 10.080001831054688, "attributes": {"LineHeight": 12.125}}, {"Bounds": [487.00999450683594, 126.09320068359375, 512.3251953125, 135.54823303222656], "ClipBounds": [487.00999450683594, 126.09320068359375, 512.3251953125, 135.54823303222656], "Page": 0, "Path": "//Document/Sect/Table[3]/TR[9]/TD[4]", "attributes": {"BBox": [481.41999999999825, 108.14799999999741, 541.417999999976, 143.54599999999482], "BlockAlign": "Before", "BorderColor": [0, 0, 0], "BorderStyle": "Solid", "BorderThickness": [0.25, 0.625, 0.25, 0.5], "ColIndex": 3, "Height": 35.375, "InlineAlign": "Start", "RowIndex": 8, "Width": 60}}, {"Bounds": [487.00999450683594, 126.09320068359375, 512.3251953125, 135.54823303222656], "ClipBounds": [487.00999450683594, 126.09320068359375, 512.3251953125, 135.54823303222656], "Font": {"alt_family_name": "Arial", "embedded": true, "encoding": "WinAnsiEncoding", "family_name": "Arial MT", "font_type": "TrueType", "italic": false, "monospaced": false, "name": "MHCHDK+ArialMT", "subset": true, "weight": 400}, "HasClip": true, "Lang": "en", "Page": 0, "Path": "//Document/Sect/Table[3]/TR[9]/TD[4]/P", "Text": "$648 ", "TextSize": 10.080001831054688, "attributes": {"LineHeight": 12.125}}, {"Bounds": [77.447998046875, 650.1331939697266, 522.3792724609375, 693.0882415771484], "ClipBounds": [77.447998046875, 650.1331939697266, 522.3792724609375, 693.0882415771484], "Page": 1, "Path": "//Document/Sect/Table[4]", "attributes": {"BBox": [77.03689999999915, 652.2059999999765, 519.8189999999886, 691.4439999999886], "NumCol": 2, "NumRow": 2, "Placement": "Block", "SpaceAfter": 11.25}, "filePaths": ["tables/fileoutpart3.xlsx"]}, {"Bounds": [77.447998046875, 683.6331939697266, 120.4593505859375, 693.0882415771484], "ClipBounds": [77.447998046875, 683.6331939697266, 120.4593505859375, 693.0882415771484], "Page": 1, "Path": "//Document/Sect/Table[4]/TR/TD", "attributes": {"BBox": [77.03689999999915, 666.7249999999767, 479.5, 691.4439999999886], "BlockAlign": "Before", "ColIndex": 0, "Height": 24.75, "InlineAlign": "Start", "RowIndex": 0, "Width": 402.5}}, {"Bounds": [77.447998046875, 683.6331939697266, 120.4593505859375, 693.0882415771484], "ClipBounds": [77.447998046875, 683.6331939697266, 120.4593505859375, 693.0882415771484], "Font": {"alt_family_name": "Arial", "embedded": true, "encoding": "WinAnsiEncoding", "family_name": "Arial", "font_type": "TrueType", "italic": false, "monospaced": false, "name": "CKEETE+Arial-BoldMT", "subset": true, "weight": 700}, "HasClip": true, "Lang": "en", "Page": 1, "Path": "//Document/Sect/Table[4]/TR/TD/P", "Text": "Subtotal ", "TextSize": 10.080001831054688, "attributes": {"LineHeight": 12.125}}, {"Bounds": [485.92999267578125, 683.6331939697266, 522.3792724609375, 693.0882415771484], "ClipBounds": [485.92999267578125, 683.6331939697266, 522.3792724609375, 693.0882415771484], "Page": 1, "Path": "//Document/Sect/Table[4]/TR/TD[2]", "attributes": {"BBox": [479.5, 666.7249999999767, 519.8189999999886, 691.4439999999886], "BlockAlign": "Before", "ColIndex": 1, "Height": 24.75, "InlineAlign": "Start", "RowIndex": 0, "Width": 40.375}}, {"Bounds": [485.92999267578125, 683.6331939697266, 522.3792724609375, 693.0882415771484], "ClipBounds": [485.92999267578125, 683.6331939697266, 522.3792724609375, 693.0882415771484], "Font": {"alt_family_name": "Arial", "embedded": true, "encoding": "WinAnsiEncoding", "family_name": "Arial MT", "font_type": "TrueType", "italic": false, "monospaced": false, "name": "MHCHDK+ArialMT", "subset": true, "weight": 400}, "HasClip": true, "Lang": "en", "Page": 1, "Path": "//Document/Sect/Table[4]/TR/TD[2]/P", "Text": "$27700 ", "TextSize": 10.080001831054688, "attributes": {"LineHeight": 12.125}}, {"Bounds": [77.447998046875, 650.1331939697266, 109.73143005371094, 659.5882415771484], "ClipBounds": [77.447998046875, 650.1331939697266, 109.73143005371094, 659.5882415771484], "Page": 1, "Path": "//Document/Sect/Table[4]/TR[2]/TD", "attributes": {"BBox": [77.03689999999915, 652.2059999999765, 479.5, 666.7249999999767], "BlockAlign": "After", "ColIndex": 0, "Height": 14.5, "InlineAlign": "Start", "RowIndex": 1, "Width": 402.5}}, {"Bounds": [77.447998046875, 650.1331939697266, 109.73143005371094, 659.5882415771484], "ClipBounds": [77.447998046875, 650.1331939697266, 109.73143005371094, 659.5882415771484], "Font": {"alt_family_name": "Arial", "embedded": true, "encoding": "WinAnsiEncoding", "family_name": "Arial", "font_type": "TrueType", "italic": false, "monospaced": false, "name": "CKEETE+Arial-BoldMT", "subset": true, "weight": 700}, "HasClip": true, "Lang": "en", "Page": 1, "Path": "//Document/Sect/Table[4]/TR[2]/TD/P", "Text": "Tax % ", "TextSize": 10.080001831054688, "attributes": {"LineHeight": 12.125}}, {"Bounds": [485.92999267578125, 650.1331939697266, 500.4100036621094, 659.5882415771484], "ClipBounds": [485.92999267578125, 650.1331939697266, 500.4100036621094, 659.5882415771484], "Page": 1, "Path": "//Document/Sect/Table[4]/TR[2]/TD[2]", "attributes": {"BBox": [479.5, 652.2059999999765, 519.8189999999886, 666.7249999999767], "BlockAlign": "After", "ColIndex": 1, "Height": 14.5, "InlineAlign": "Start", "RowIndex": 1, "Width": 40.375}}, {"Bounds": [485.92999267578125, 650.1331939697266, 500.4100036621094, 659.5882415771484], "ClipBounds": [485.92999267578125, 650.1331939697266, 500.4100036621094, 659.5882415771484], "Font": {"alt_family_name": "Arial", "embedded": true, "encoding": "WinAnsiEncoding", "family_name": "Arial MT", "font_type": "TrueType", "italic": false, "monospaced": false, "name": "MHCHDK+ArialMT", "subset": true, "weight": 400}, "HasClip": true, "Lang": "en", "Page": 1, "Path": "//Document/Sect/Table[4]/TR[2]/TD[2]/P", "Text": "10 ", "TextSize": 10.080001831054688, "attributes": {"LineHeight": 12.125}}, {"Bounds": [77.447998046875, 550.2299957275391, 518.7078704833984, 561.9782409667969], "ClipBounds": [77.447998046875, 550.2299957275391, 518.7078704833984, 561.9782409667969], "Font": {"alt_family_name": "Arial", "embedded": true, "encoding": "WinAnsiEncoding", "family_name": "Arial MT", "font_type": "TrueType", "italic": false, "monospaced": false, "name": "MHCHDK+ArialMT", "subset": true, "weight": 400}, "HasClip": true, "Page": 1, "Path": "//Document/Sect/L/LI/LBody", "Text": "Total Due $30470 ", "TextSize": 9.0}], "pages": [{"boxes": {"CropBox": [0.0, 0.0, 612.0, 792.0], "MediaBox": [0.0, 0.0, 612.0, 792.0]}, "height": 792.0, "is_scanned": false, "page_number": 0, "rotation": 0, "width": 612.0}, {"boxes": {"CropBox": [0.0, 0.0, 612.0, 792.0], "MediaBox": [0.0, 0.0, 612.0, 792.0]}, "height": 792.0, "is_scanned": false, "page_number": 1, "rotation": 0, "width": 612.0}]}